<?xml version="1.0" encoding="UTF-8"?>
<agenda>
    <contacto>
        <nombre>Veronica</nombre>
        <apellido>Almaraz</apellido>
        <emails>
            <email>veronicaalmaraz59@gmail.com</email>
            <email>121039314@upq.edu.mx</email>
        </emails>
        <telefonos>
            <telefono>4424875504</telefono>
        </telefonos>
    </contacto>
    <contacto>
        <nombre>Fernanda</nombre>
        <apellido>Almaraz </apellido>
        <emails>
            <email>mariafernanda@gmail.com</email>
        </emails>
        <telefonos>
            <telefono>4424875501</telefono>
            <telefono>4487596366</telefono>
        </telefonos>
    </contacto>
</agenda>
